{
  "no_hold": {
    "total_flights": 3223.0,
    "departed": 3223.0,
    "arrived": 3223.0,
    "OTP": 88.334,
    "avg_arrival_delay_min": 7.198,
    "avg_departure_delay_min": 6.808,
    "total_connecting_pax": 80786.8,
    "missed_connections": 2701.8,
    "successful_connections": 78085.0,
    "misconnect_rate_pct": 3.344,
    "avg_hold_min": 0.0,
    "avg_reward": 0.5004324382888019,
    "holds_pct": 0.0
  },
  "heuristic_15": {
    "total_flights": 3223.0,
    "departed": 3223.0,
    "arrived": 3223.0,
    "OTP": 88.38199999999999,
    "avg_arrival_delay_min": 7.224000000000001,
    "avg_departure_delay_min": 6.836,
    "total_connecting_pax": 80959.6,
    "missed_connections": 2733.8,
    "successful_connections": 78225.8,
    "misconnect_rate_pct": 3.378,
    "avg_hold_min": 0.0,
    "avg_reward": 0.5004321851759981,
    "holds_pct": 0.0
  },
  "heuristic_30": {
    "total_flights": 3223.0,
    "departed": 3223.0,
    "arrived": 3223.0,
    "OTP": 88.506,
    "avg_arrival_delay_min": 7.2,
    "avg_departure_delay_min": 6.814,
    "total_connecting_pax": 80986.6,
    "missed_connections": 2630.6,
    "successful_connections": 78356.0,
    "misconnect_rate_pct": 3.2479999999999998,
    "avg_hold_min": 0.0,
    "avg_reward": 0.5002404935712087,
    "holds_pct": 0.0
  },
  "a2c": {
    "total_flights": 3223.0,
    "departed": 3223.0,
    "arrived": 3223.0,
    "OTP": 88.148,
    "avg_arrival_delay_min": 7.252,
    "avg_departure_delay_min": 6.864,
    "total_connecting_pax": 80734.8,
    "missed_connections": 2749.4,
    "successful_connections": 77985.4,
    "misconnect_rate_pct": 3.404,
    "avg_hold_min": 0.0,
    "avg_reward": 0.5006245269313773,
    "holds_pct": 0.0
  },
  "dqn": {
    "total_flights": 3223.0,
    "departed": 3223.0,
    "arrived": 3223.0,
    "OTP": 68.86600000000001,
    "avg_arrival_delay_min": 13.901999999999997,
    "avg_departure_delay_min": 13.514000000000001,
    "total_connecting_pax": 80890.4,
    "missed_connections": 7099.2,
    "successful_connections": 73791.2,
    "misconnect_rate_pct": 8.776,
    "avg_hold_min": 4.5200000000000005,
    "avg_reward": 0.4827676944682285,
    "holds_pct": 86.4598200434378
  },
  "ac": {
    "total_flights": 3223.0,
    "departed": 3223.0,
    "arrived": 3223.0,
    "OTP": 44.678000000000004,
    "avg_arrival_delay_min": 37.378,
    "avg_departure_delay_min": 36.99,
    "total_connecting_pax": 80656.0,
    "missed_connections": 23409.6,
    "successful_connections": 57246.4,
    "misconnect_rate_pct": 29.022,
    "avg_hold_min": 16.913999999999998,
    "avg_reward": 0.40945801666770104,
    "holds_pct": 84.56717344089357
  },
  "ddpg": {
    "total_flights": 3223.0,
    "departed": 3223.0,
    "arrived": 3223.0,
    "OTP": 0.0,
    "avg_arrival_delay_min": 80.626,
    "avg_departure_delay_min": 80.23599999999999,
    "total_connecting_pax": 80915.4,
    "missed_connections": 24209.8,
    "successful_connections": 56705.6,
    "misconnect_rate_pct": 29.920000000000005,
    "avg_hold_min": 30.0,
    "avg_reward": 0.36228385160769877,
    "holds_pct": 100.0
  },
  "_deltas": {
    "a2c": {
      "no_hold": {
        "missed_reduction_%": -1.8,
        "otp_delta_%": -0.2
      },
      "heuristic_15": {
        "missed_reduction_%": -0.6,
        "otp_delta_%": -0.2
      },
      "heuristic_30": {
        "missed_reduction_%": -4.5,
        "otp_delta_%": -0.4
      }
    },
    "dqn": {
      "no_hold": {
        "missed_reduction_%": -162.8,
        "otp_delta_%": -19.5
      },
      "heuristic_15": {
        "missed_reduction_%": -159.7,
        "otp_delta_%": -19.5
      },
      "heuristic_30": {
        "missed_reduction_%": -169.9,
        "otp_delta_%": -19.6
      }
    },
    "ac": {
      "no_hold": {
        "missed_reduction_%": -766.4,
        "otp_delta_%": -43.7
      },
      "heuristic_15": {
        "missed_reduction_%": -756.3,
        "otp_delta_%": -43.7
      },
      "heuristic_30": {
        "missed_reduction_%": -789.9,
        "otp_delta_%": -43.8
      }
    },
    "ddpg": {
      "no_hold": {
        "missed_reduction_%": -796.1,
        "otp_delta_%": -88.3
      },
      "heuristic_15": {
        "missed_reduction_%": -785.6,
        "otp_delta_%": -88.4
      },
      "heuristic_30": {
        "missed_reduction_%": -820.3,
        "otp_delta_%": -88.5
      }
    }
  }
}