{
  "perishable_frac": 0.29428606664384876,
  "hazmat_frac": 0.04893774457889885,
  "value_percentiles": {
    "p10": 27.0,
    "p25": 93.0,
    "p50": 472.0,
    "p75": 2598.0,
    "p90": 12408.0,
    "p99": 79998.0,
    "mean": 5853.728421162508,
    "std": 65185.31477990813,
    "log_min": 0.6931471805599453,
    "log_max": 17.562711348073105
  },
  "sla_distribution": {
    "0": 0.06883952359740843,
    "1": 0.42857331414804706,
    "2": 0.5025871622545445
  },
  "weight_stats": {
    "mean_kg": 2935.448306458677,
    "std_kg": 60607.74259252485,
    "p50_kg": 87.996848,
    "p90_kg": 12958.669848
  },
  "n_samples": 19849934,
  "source": "cfs_2022_truck_modes"
}