{
  "short": {
    "mean": 15.0,
    "std": 12.0,
    "raw_airfreight_mean": 564.3115525352849,
    "raw_airfreight_std": 757.0082461530358,
    "scale_factor": 0.026581061352739344,
    "n_samples": 7652,
    "source": "cargo2000_rescaled",
    "p10": 0.0,
    "p25": 2.2328091536301047,
    "p50": 9.476148372251576,
    "p75": 21.64362920646801,
    "p90": 32.85419183198583,
    "on_time_frac": 0.11970726607422896
  },
  "medium": {
    "mean": 30.0,
    "std": 22.0,
    "raw_airfreight_mean": 505.0932305468562,
    "raw_airfreight_std": 693.4637855743459,
    "scale_factor": 0.059394975393987144,
    "n_samples": 4151,
    "source": "cargo2000_rescaled",
    "p10": 0.0,
    "p25": 4.454623154549036,
    "p50": 17.937282568984116,
    "p75": 44.04137425464147,
    "p90": 70.91760062042064,
    "on_time_frac": 0.13538906287641533
  },
  "long": {
    "mean": 50.0,
    "std": 38.0,
    "raw_airfreight_mean": 224.85915492957747,
    "raw_airfreight_std": 450.35617503040663,
    "scale_factor": 0.2223614155966176,
    "n_samples": 71,
    "source": "cargo2000_rescaled",
    "p10": 0.0,
    "p25": 0.0,
    "p50": 22.01378014406514,
    "p75": 82.0513623551519,
    "p90": 148.75978703413716,
    "on_time_frac": 0.30985915492957744
  }
}